﻿<parameters>
  <parameter name="IIS Web Application Name" defaultValue="Default Web Site/IntelligentTutor_deploy" tags="IisApp">
    <parameterEntry kind="ProviderPath" scope="IisApp" match="^C:\\Users\\Daniel\ Evans\\Documents\\Visual\ Studio\ 2010\\Projects\\WebApplication1\\WebApplication1\\obj\\Debug\\Package\\PackageTmp$" />
    <parameterEntry kind="ProviderPath" scope="setAcl" match="^C:\\Users\\Daniel\ Evans\\Documents\\Visual\ Studio\ 2010\\Projects\\WebApplication1\\WebApplication1\\obj\\Debug\\Package\\PackageTmp$" />
  </parameter>
  <parameter name="ApplicationServices-Deployment Connection String" defaultValue="" tags="SqlConnectionString">
    <parameterEntry kind="ProviderPath" scope="dbFullSql" match="^C:\\Users\\Daniel\ Evans\\Documents\\Visual\ Studio\ 2010\\Projects\\WebApplication1\\WebApplication1\\obj\\Debug\\AutoScripts\\ApplicationServices-Deployment_SchemaOnly\.sql$" />
  </parameter>
  <parameter name="tutorDBConnectionString-Deployment Connection String" defaultValue="" tags="SqlConnectionString">
    <parameterEntry kind="ProviderPath" scope="dbFullSql" match="^C:\\Users\\Daniel\ Evans\\Documents\\Visual\ Studio\ 2010\\Projects\\WebApplication1\\WebApplication1\\obj\\Debug\\AutoScripts\\tutorDBConnectionString-Deployment_SchemaOnly\.sql$" />
  </parameter>
  <parameter name="ApplicationServices-Web.config Connection String" description="ApplicationServices Connection String used in web.config by the application to access the database." defaultValue="data source=.\SQLEXPRESS;Integrated Security=SSPI;AttachDBFilename=|DataDirectory|\aspnetdb.mdf;User Instance=true" tags="SqlConnectionString">
    <parameterEntry kind="XmlFile" scope="C:\\Users\\Daniel\ Evans\\Documents\\Visual\ Studio\ 2010\\Projects\\WebApplication1\\WebApplication1\\obj\\Debug\\Package\\PackageTmp\\Web\.config$" match="/configuration/connectionStrings/add[@name='ApplicationServices']/@connectionString" />
  </parameter>
  <parameter name="tutorDBConnectionString-Web.config Connection String" description="tutorDBConnectionString Connection String used in web.config by the application to access the database." defaultValue="Data Source=.\SQLEXPRESS;AttachDbFilename=&quot;C:\Users\Daniel Evans\Documents\tutorDB.mdf&quot;;Integrated Security=True;Connect Timeout=30;User Instance=True" tags="SqlConnectionString">
    <parameterEntry kind="XmlFile" scope="C:\\Users\\Daniel\ Evans\\Documents\\Visual\ Studio\ 2010\\Projects\\WebApplication1\\WebApplication1\\obj\\Debug\\Package\\PackageTmp\\Web\.config$" match="/configuration/connectionStrings/add[@name='tutorDBConnectionString']/@connectionString" />
  </parameter>
  <parameter name="DB_42065_tutordbConnectionString-Web.config Connection String" description="DB_42065_tutordbConnectionString Connection String used in web.config by the application to access the database." defaultValue="Data Source=s07.winhost.com;Initial Catalog=DB_42065_tutordb;User ID=DB_42065_tutordb_user;Password=tutor" tags="SqlConnectionString">
    <parameterEntry kind="XmlFile" scope="C:\\Users\\Daniel\ Evans\\Documents\\Visual\ Studio\ 2010\\Projects\\WebApplication1\\WebApplication1\\obj\\Debug\\Package\\PackageTmp\\Web\.config$" match="/configuration/connectionStrings/add[@name='DB_42065_tutordbConnectionString']/@connectionString" />
  </parameter>
</parameters>